timestamp,observed_cells,map_cells,removed_cells
1.888,486,486,0
1.989,436,549,0
2.088,379,586,0
2.19,356,616,0
2.2880000000000003,330,622,0
2.3890000000000002,321,624,0
2.489,340,630,0
2.59,352,630,0
2.688,387,633,0
2.789,444,648,0
2.8890000000000002,486,657,0
2.996,492,674,0
3.093,468,679,0
3.194,423,681,0
3.294,389,681,0
3.393,374,681,0
3.493,368,682,0
3.5940000000000003,381,682,0
3.694,415,682,0
3.794,449,683,0
3.893,482,685,0
3.994,479,688,0
4.094,441,689,0
4.194,412,690,0
4.293,411,690,0
4.394,413,690,0
4.493,430,690,0
4.596,467,696,0
4.695,471,699,0
4.7940000000000005,452,700,0
4.894,444,697,3
4.994,434,698,0
5.093,437,699,0
5.194,455,698,1
5.2940000000000005,460,695,4
5.394,438,693,2
5.494,395,684,10
5.593,389,713,0
5.694,336,721,0
5.795,318,720,1
5.894,322,723,3
5.994,321,724,0
6.094,346,722,26
6.195,368,730,0
6.2940000000000005,368,730,0
6.394,423,734,0
6.494,471,740,0
6.594,527,777,0
6.694,505,784,1
6.795,470,784,1
6.894,419,786,0
6.996,393,783,6
7.094,400,807,0
7.195,386,811,0
7.2940000000000005,384,810,1
7.395,406,811,0
7.495,450,818,0
7.594,520,843,0
7.694,506,850,1
7.7940000000000005,477,851,4
7.894,449,851,2
7.994,436,854,1
8.094,446,876,4
8.194,444,878,1
8.294,457,882,0
8.395,483,884,4
8.494,496,896,0
8.595,505,900,19
8.693,470,900,0
8.795,446,890,12
8.894,464,895,0
8.995000000000001,475,895,3
9.095,514,911,11
9.196,492,887,27
9.295,471,886,1
9.395,453,887,2
9.495,478,891,3
9.594,511,917,0
9.696,499,876,43
9.795,479,877,0
9.895,474,879,2
9.995000000000001,479,892,0
10.095,507,897,17
10.195,490,898,0
10.295,488,866,37
10.395,474,866,0
10.495,472,869,3
10.596,505,875,22
10.697,482,854,22
10.796,486,851,4
10.896,486,855,2
10.996,484,854,2
11.095,502,864,21
11.196,506,845,24
11.297,490,845,3
11.396,487,845,3
11.497,490,843,8
11.597,517,851,17
11.697,488,839,12
11.798,489,846,4
11.896,495,841,6
11.995000000000001,502,848,0
12.095,527,876,1
12.196,501,853,24
12.295,492,844,10
12.395,484,844,2
12.495,501,851,2
12.594,520,877,2
12.696,503,858,20
12.795,494,843,17
12.897,497,839,5
12.996,499,837,4
13.097,522,849,19
13.196,505,849,11
13.295,490,850,0
13.395,502,846,4
13.498,513,844,7
13.597,528,854,21
13.696,508,859,0
13.798,507,850,10
13.897,505,844,7
13.998,510,854,1
14.096,535,863,20
14.197,507,853,12
14.297,502,856,0
14.397,497,847,9
14.497,509,856,0
14.598,531,859,21
14.696,504,861,0
14.797,509,854,14
14.901,497,848,7
14.997,510,844,6
15.099,524,839,23
15.197,528,847,11
15.297,503,849,0
15.4,509,849,2
15.499,506,848,1
15.599,527,854,19
15.699,538,858,12
15.8,525,860,2
15.898,510,862,2
15.998,512,860,2
16.098,524,855,26
16.197,529,860,11
16.297,498,858,2
16.397,500,860,0
16.498,509,858,4
16.598,528,866,18
16.698,538,863,16
16.8,511,866,0
16.897,515,867,0
16.998,508,865,6
17.099,535,874,19
17.198,542,866,15
17.298000000000002,503,865,1
17.398,510,867,0
17.498,512,868,2
17.6,529,867,24
17.698,542,874,10
17.798000000000002,506,875,0
17.898,503,875,0
17.999,509,869,7
18.098,521,896,0
18.198,528,869,36
18.298000000000002,508,870,3
18.399,510,870,0
18.498,517,871,4
18.599,534,890,1
18.698,542,891,11
18.799,514,869,27
18.897,509,867,4
18.998,511,866,2
19.098,536,889,0
19.199,540,866,36
19.297,513,869,0
19.399,504,869,3
19.498,517,871,0
19.6,537,888,10
19.698,544,900,0
19.8,505,872,29
19.898,504,872,1
19.999,512,872,3
20.098,526,902,0
20.199,538,875,35
20.298000000000002,512,876,0
20.4,516,875,1
20.5,510,874,1
20.6,540,899,0
20.7,535,868,40
20.8,515,866,3
20.9,508,865,2
21.001,506,866,1
21.1,528,879,9
21.2,539,866,25
21.301,508,866,3
21.4,519,872,0
21.5,517,872,1
21.6,536,889,6
21.703,542,870,31
21.803,516,867,4
21.902,511,869,0
22.002,506,869,1
22.101,533,888,6
22.202,542,869,32
22.301,519,865,4
22.401,504,864,2
22.5,507,865,1
22.602,530,887,5
22.702,543,865,32
22.801,498,862,4
22.901,509,867,0
23.001,525,865,2
23.102,541,884,8
23.201,547,871,25
23.302,526,868,6
23.401,510,867,1
23.501,505,868,0
23.601,542,886,9
23.701,538,864,30
23.801,505,862,3
23.901,515,860,2
24.001,515,865,0
24.1,528,883,1
24.203,538,863,35
24.3,513,864,0
24.401,510,863,2
24.502,514,866,1
24.601,536,886,6
24.701,531,895,0
24.801,509,865,30
24.901,509,864,2
25.002,511,862,2
25.101,533,889,1
25.202,536,888,9
25.301,511,862,27
25.401,511,862,4
25.501,512,862,2
25.601,525,886,0
25.701,544,898,1
25.802,514,864,35
25.9,506,866,0
26.001,506,866,1
26.101,533,892,0
26.201,529,891,7
26.301,507,866,28
26.401,505,866,6
26.501,505,865,3
26.602,525,869,8
26.702,528,845,31
26.8,495,848,0
26.901,490,847,1
27.002,488,844,3
27.101,503,854,6
27.201,496,863,0
27.301,471,831,32
27.401,475,831,0
27.5,472,830,3
27.602,500,842,9
27.701,489,847,0
27.802,467,820,28
27.901,458,822,0
28.0,455,824,0
28.102,490,837,7
28.201,489,845,0
28.301,469,818,28
28.402,464,816,8
28.501,457,818,0
28.602,499,839,5
28.701,492,847,0
28.802,464,815,33
28.902,459,810,5
29.0,454,812,0
29.101,489,840,0
29.201,487,842,5
29.301,457,816,27
29.401,452,813,5
29.501,452,813,2
29.601,482,836,1
29.701,488,838,10
29.801,449,807,32
29.902,450,806,1
30.001,447,808,0
30.101,457,809,1
30.201,490,832,9
30.302,473,800,32
30.402,437,800,0
30.502,448,802,0
30.601,451,808,0
30.702,482,809,34
30.801,468,811,0
30.902,443,805,6
31.003,447,807,2
31.101,440,811,0
31.201,471,840,5
31.302,473,809,35
31.401,453,810,0
31.502,440,808,2
31.602,438,815,0
31.702,470,811,35
31.801,452,812,0
31.901,443,813,2
32.002,438,811,3
32.101,442,816,0
32.201,462,844,3
32.301,449,809,37
32.402,431,807,3
32.502,439,808,1
32.6,436,811,0
32.701,464,841,5
32.801,456,813,30
32.901,433,814,0
33.003,426,801,15
33.101,433,805,0
33.203,446,805,21
33.301,442,806,0
33.401,417,793,17
33.501,428,793,1
33.601,418,794,2
33.701,442,813,2
33.801,435,774,40
33.901,400,774,0
34.002,408,775,1
34.101,416,778,1
34.201,422,794,6
34.301,414,777,17
34.401,396,753,25
34.501,396,755,0
34.602,398,760,0
34.701,426,777,6
34.801,404,739,38
34.901,383,737,2
35.002,390,737,0
35.1,382,737,3
35.201,412,762,3
35.301,407,747,18
35.402,374,728,20
35.501,383,726,3
35.601,382,727,4
35.701,398,751,0
35.802,396,715,36
35.9,364,715,0
36.002,366,714,2
36.102,379,712,6
36.201,396,734,0
36.3,386,719,15
36.403,371,705,21
36.501,367,708,0
36.6,371,706,3
36.701,373,721,1
36.801,383,707,15
36.901,344,688,20
37.001,345,686,2
37.102,349,687,2
37.202,384,698,12
37.302,355,672,26
37.401,337,675,0
37.502,338,673,2
37.602,339,678,0
37.701,366,702,1
37.802,354,665,38
37.9,327,665,0
38.001,319,666,0
38.103,332,667,4
38.201,360,685,0
38.301,333,673,12
38.401,320,647,27
38.502,323,645,3
38.601,321,649,0
38.701,345,669,0
38.802,331,653,16
38.901,311,630,25
39.001,308,630,0
39.101,311,631,2
39.201,340,649,3
39.301,332,615,36
39.402,300,615,0
39.502,305,616,0
39.603,310,615,5
39.701,331,636,0
39.801,318,627,9
39.901,296,600,29
40.003,296,601,2
40.101,306,604,0
40.202,330,618,2
40.3,316,602,17
40.402,294,576,26
40.5,292,577,0
40.601,298,581,0
40.701,321,599,0
40.802,306,589,12
40.901,289,561,28
41.001,282,561,0
41.102,291,562,0
41.201,316,581,0
41.301,300,571,14
41.401,284,546,26
41.501,281,545,1
41.602,282,549,1
41.7,310,571,0
41.801,287,560,15
41.901,274,538,22
42.001,274,538,0
42.102,275,539,2
42.202,302,546,14
42.301,285,550,0
42.401,276,528,23
42.501,269,528,0
42.602,268,529,0
42.701,296,548,4
42.802,281,522,36
42.901,268,522,0
43.002,268,522,1
43.101,269,524,2
43.201,282,540,0
43.301,270,520,35
43.401,263,520,0
43.501,264,517,3
43.602,263,516,4
43.702,272,511,18
43.803,260,506,19
43.902,256,508,1
44.002,252,509,0
44.102,254,513,0
44.202,275,499,23
44.301,265,516,0
44.402,258,501,18
44.502,263,500,1
44.603,216,504,0
44.702,433,715,22
44.802,532,956,15
44.902,530,1142,0
45.002,567,1301,2
45.102,571,1433,0
45.202,633,1534,2
45.302,620,1594,36
45.403,642,1679,0
45.503,643,1753,2
45.603,672,1832,1
45.702,697,1864,24
45.803,710,1916,2
45.902,693,1960,1
46.004,693,2003,2
46.102,690,2028,2
46.202,639,2053,14
46.302,584,2087,1
46.402,530,2122,2
46.502,275,2127,0
46.603,228,2144,4
46.702,213,2158,0
46.801,212,2134,24
46.902,250,2129,6
47.003,216,2139,0
47.102,463,2185,0
47.203,565,2215,2
47.302,595,2257,0
47.403,579,2280,0
47.502,595,2326,0
47.604,602,2375,0
47.703,595,2388,31
47.803,593,2405,32
47.904,589,2431,22
48.002,566,2477,0
