timestamp,points,Ixx,Iyy,Iyaw,lambda_min,lambda_max,condition_number,degenerate,warning
3.194,2648,0.0,2648.0,14574.88012748052,1e-09,14964.633303798422,14964633303798.422,1,LOCALIZATION_DEGENERACY_WARNING
3.294,2653,0.0,2653.0,14422.444545270528,1e-09,14823.83184882201,14823831848822.01,1,
3.393,2654,0.0,2654.0,14352.270087184552,1e-09,14756.894276949302,14756894276949.3,1,
3.493,2655,0.0,2655.0,14356.22860041307,1e-09,14759.798433970102,14759798433970.102,1,
3.5940000000000003,2653,0.0,2653.0,14394.171926160552,1e-09,14796.30847614874,14796308476148.74,1,
3.694,2657,0.0,2657.0,14805.91347212045,1e-09,15185.8983364719,15185898336471.9,1,
3.794,2653,0.0,2653.0,14750.947489599617,1e-09,15132.557913246794,15132557913246.793,1,
3.893,2644,0.0,2644.0,14572.863670789375,1e-09,14964.787792468731,14964787792468.73,1,
3.994,2644,0.0,2644.0,14151.550012193948,1e-09,14563.56969285526,14563569692855.26,1,
4.094,2646,0.0,2646.0,14663.772693348112,1e-09,15049.021802099844,15049021802099.842,1,
4.194,2652,0.0,2652.0,14560.569672746537,1e-09,14952.711856544294,14952711856544.293,1,
4.293,2653,0.0,2653.0,14755.700027899918,1e-09,15136.58053438261,15136580534382.61,1,
4.394,2655,0.0,2655.0,15070.510632406833,1e-09,15436.21091057807,15436210910578.068,1,
4.493,2655,0.0,2655.0,14618.480300867515,1e-09,15007.057297035071,15007057297035.07,1,
4.596,2649,0.0,2649.0,14808.845876573545,1e-09,15188.180058082728,15188180058082.727,1,
4.695,2650,0.0,2650.0,14157.864006072716,1e-09,14569.624942705117,14569624942705.115,1,
4.7940000000000005,2650,0.0,2650.0,14752.713061669683,1e-09,15133.519761283625,15133519761283.625,1,
4.894,2651,0.0,2651.0,14620.34723731896,1e-09,15007.693265275673,15007693265275.672,1,
4.994,2652,0.0,2652.0,14588.239444243718,1e-09,14979.365144901472,14979365144901.47,1,
5.093,2654,0.0,2654.0,14628.800178298505,1e-09,15017.548452719993,15017548452719.992,1,
5.194,2652,0.0,2652.0,14726.635542621605,1e-09,15108.724350935834,15108724350935.834,1,
5.2940000000000005,2655,0.0,2655.0,14803.558852725466,1e-09,15182.526432834526,15182526432834.525,1,
5.394,2646,0.0,2646.0,14678.273878228567,1e-09,15062.722209080239,15062722209080.238,1,
5.494,2649,0.0,2649.0,14444.27585059223,1e-09,14843.060581191567,14843060581191.566,1,
5.593,2672,0.0,2672.0,14777.575317175766,1e-09,15145.534827237236,15145534827237.234,1,
5.694,2671,0.0,2671.0,14266.34222791046,1e-09,14667.036522821987,14667036522821.986,1,
5.795,2678,0.0,2678.0,14549.60674875743,1e-09,14932.423742629751,14932423742629.75,1,
5.894,2689,0.0,2689.0,14561.070527298643,1e-09,14935.523704615649,14935523704615.648,1,
5.994,2695,0.0,2695.0,14588.175848640862,1e-09,14957.181457633393,14957181457633.393,1,
6.094,2697,0.0,2697.0,14464.842149960914,1e-09,14840.063118945005,14840063118945.004,1,
6.195,2693,0.0,2693.0,14335.273142392074,1e-09,14719.072397654056,14719072397654.055,1,
6.2940000000000005,2714,0.0,2714.0,14544.013684720594,1e-09,14899.935965952878,14899935965952.877,1,
6.394,2705,0.0,2705.0,14779.573737290846,1e-09,15094.631331009947,15094631331009.945,1,
6.494,2692,0.0,2692.0,13981.353213743736,1e-09,14296.521579834218,14296521579834.217,1,
6.594,2689,0.0,2689.0,12626.714012777456,1e-09,13007.604555724263,13007604555724.262,1,
6.694,2711,0.0,2711.0,14291.065413474218,1e-09,14581.560886420571,14581560886420.57,1,
6.795,2714,0.0,2714.0,13977.111655509238,1e-09,14279.522232303407,14279522232303.406,1,
6.894,2712,0.0,2712.0,14022.189864157623,1e-09,14323.400490812532,14323400490812.531,1,
6.996,2719,0.0,2719.0,13629.00053957872,1e-09,13951.004788375034,13951004788375.033,1,
7.094,2737,0.0,2737.0,13684.1895178026,1e-09,13989.559747035699,13989559747035.697,1,
7.195,2738,0.0,2738.0,13892.182042068955,1e-09,14187.810792501241,14187810792501.24,1,
7.2940000000000005,2733,0.0,2733.0,13709.873676250128,1e-09,14013.177665833848,14013177665833.848,1,
7.395,2729,0.0,2729.0,13791.838860062071,1e-09,14092.492095187346,14092492095187.346,1,
7.495,2749,0.0,2749.0,14057.070986561439,1e-09,14335.051755338223,14335051755338.223,1,
7.594,2754,0.0,2754.0,13640.972418693478,1e-09,13933.36401234582,13933364012345.82,1,
7.694,2753,0.0,2753.0,14480.453820375911,1e-09,14740.352603850675,14740352603850.674,1,
7.7940000000000005,2756,0.0,2756.0,14284.966829001349,1e-09,14552.43768794247,14552437687942.47,1,
7.894,2753,0.0,2753.0,14087.874770604762,1e-09,14360.703132878582,14360703132878.58,1,
7.994,2773,0.0,2773.0,14362.713618410768,1e-09,14616.041204728379,14616041204728.379,1,
8.094,2773,0.0,2773.0,14087.7747395553,1e-09,14350.893534220855,14350893534220.854,1,
8.194,2775,0.0,2775.0,14626.339095976886,1e-09,14869.567437142266,14869567437142.266,1,
8.294,2778,0.0,2778.0,14328.726856760637,1e-09,14588.529917315289,14588529917315.287,1,
8.395,2790,0.0,2790.0,14544.707961690063,1e-09,14791.659277540759,14791659277540.758,1,
8.494,2801,0.0,2801.0,13970.693711085027,1e-09,14231.473426421251,14231473426421.25,1,
8.595,2798,0.0,2798.0,14579.460778746281,1e-09,14817.599167718821,14817599167718.82,1,
8.693,2797,0.0,2797.0,14430.460745189916,1e-09,14672.944054450549,14672944054450.547,1,
8.795,2801,0.0,2801.0,14385.56779025163,1e-09,14629.76238141078,14629762381410.777,1,
8.894,2807,0.0,2807.0,14466.736864032635,1e-09,14700.862469768965,14700862469768.963,1,
8.995000000000001,2818,0.0,2818.0,14638.753151011968,1e-09,14861.64889288583,14861648892885.83,1,
9.095,2819,0.0,2819.0,14737.434355493631,1e-09,14957.338578852134,14957338578852.133,1,
9.196,2814,0.0,2814.0,14617.236212229516,1e-09,14835.209949494892,14835209949494.89,1,
9.295,2817,0.0,2817.0,14314.11423364902,1e-09,14531.134679646653,14531134679646.652,1,
9.395,2800,0.0,2800.0,13660.722240338166,1e-09,13866.559470528022,13866559470528.021,1,
9.495,2820,0.0,2820.0,13826.084237361327,1e-09,14015.379265684087,14015379265684.086,1,
9.594,2814,0.0,2814.0,13897.834783710154,1e-09,14085.663801649986,14085663801649.984,1,
9.696,2817,0.0,2817.0,13946.27696501584,1e-09,14132.346708293673,14132346708293.672,1,
9.795,2820,0.0,2820.0,13924.870723242633,1e-09,14111.745869815306,14111745869815.305,1,
9.895,2822,0.0,2822.0,13861.635536807129,1e-09,14049.679908847305,14049679908847.305,1,
9.995000000000001,2834,0.0,2834.0,13998.106221034099,1e-09,14170.769067991469,14170769067991.467,1,
10.095,2838,0.0,2838.0,14026.28848375006,1e-09,14198.043505332476,14198043505332.475,1,
10.195,2841,0.0,2841.0,14071.028980027735,1e-09,14241.491139722846,14241491139722.846,1,
10.295,2843,0.0,2843.0,14094.101649638142,1e-09,14264.028997566802,14264028997566.8,1,
10.395,2842,0.0,2842.0,14069.876979403844,1e-09,14240.680735220787,14240680735220.787,1,
10.495,2839,0.0,2839.0,14031.652831725563,1e-09,14203.547138422882,14203547138422.88,1,
10.596,2857,0.0,2857.0,14203.270772659838,1e-09,14358.214924049895,14358214924049.895,1,
10.697,2863,0.0,2863.0,14223.443094125356,1e-09,14378.42989456357,14378429894563.568,1,
10.796,2853,0.0,2853.0,14254.352270500494,1e-09,14408.300266553379,14408300266553.377,1,
10.896,2859,0.0,2859.0,14245.575717088297,1e-09,14401.12543747534,14401125437475.34,1,
10.996,2864,0.0,2864.0,14201.888038895871,1e-09,14358.177360245554,14358177360245.553,1,
11.095,2859,0.0,2859.0,14171.620470654278,1e-09,14328.09439883018,14328094398830.18,1,
11.196,2879,0.0,2879.0,14336.371561739945,1e-09,14478.533500549504,14478533500549.502,1,
11.297,2876,0.0,2876.0,14344.68533818868,1e-09,14486.388259076566,14486388259076.564,1,
11.396,2878,0.0,2878.0,14353.261952734905,1e-09,14494.440503960457,14494440503960.457,1,
11.497,2882,0.0,2882.0,14346.642547920706,1e-09,14487.889965041257,14487889965041.256,1,
11.597,2879,0.0,2879.0,14336.065539488167,1e-09,14477.477243758494,14477477243758.494,1,
11.697,2882,0.0,2882.0,14319.50190697034,1e-09,14461.542411405302,14461542411405.3,1,
11.798,2895,0.0,2895.0,14370.023490962514,1e-09,14494.676584500863,14494676584500.861,1,
11.896,2886,0.0,2886.0,13865.100847514816,1e-09,13979.52092936417,13979520929364.168,1,
11.995000000000001,2878,0.0,2878.0,13741.224536262982,1e-09,13852.01149596797,13852011495967.969,1,
12.095,2880,0.0,2880.0,13740.192687679606,1e-09,13851.738941546375,13851738941546.375,1,
12.196,2877,0.0,2877.0,13736.538246268152,1e-09,13847.687721541148,13847687721541.146,1,
12.295,2879,0.0,2879.0,13729.98861054267,1e-09,13841.262302079496,13841262302079.496,1,
12.395,2880,0.0,2880.0,13726.043484586411,1e-09,13837.221912425284,13837221912425.283,1,
12.495,2896,0.0,2896.0,13942.046820096879,1e-09,14039.814911895932,14039814911895.932,1,
12.594,2901,0.0,2901.0,13943.266695049322,1e-09,14041.314842509433,14041314842509.432,1,
12.696,2898,0.0,2898.0,13939.482072976749,1e-09,14037.22465484155,14037224654841.549,1,
12.795,2893,0.0,2893.0,13937.601656424387,1e-09,14035.505529564252,14035505529564.252,1,
12.897,2898,0.0,2898.0,13935.967094127864,1e-09,14034.175392418598,14034175392418.598,1,
12.996,2899,0.0,2899.0,13935.87766810541,1e-09,14033.940654483124,14033940654483.123,1,
13.097,2901,0.0,2901.0,13945.181569916193,1e-09,14043.507397365505,14043507397365.504,1,
13.196,2920,0.0,2920.0,14137.255631810347,1e-09,14222.812116583533,14222812116583.531,1,
13.295,2917,0.0,2917.0,14120.29344623949,1e-09,14205.815115514146,14205815115514.145,1,
13.395,2918,0.0,2918.0,14116.436215620304,1e-09,14202.28352623502,14202283526235.02,1,
13.498,2918,0.0,2918.0,14115.746899793867,1e-09,14201.704070235694,14201704070235.693,1,
13.597,2918,0.0,2918.0,14109.764240322607,1e-09,14195.372627280418,14195372627280.416,1,
13.696,2920,0.0,2920.0,14105.31847308046,1e-09,14190.669138340032,14190669138340.031,1,
13.798,2922,0.0,2922.0,14097.837768572444,1e-09,14183.402863730425,14183402863730.424,1,
13.897,2918,0.0,2918.0,14090.699980671976,1e-09,14176.533543742455,14176533543742.453,1,
13.998,2929,0.0,2929.0,14256.65440580262,1e-09,14328.403536436093,14328403536436.092,1,
14.096,2923,0.0,2923.0,13731.664193552999,1e-09,13792.986037542152,13792986037542.15,1,
14.197,2918,0.0,2918.0,13659.17258616017,1e-09,13719.097085788715,13719097085788.715,1,
14.297,2916,0.0,2916.0,13660.165391048362,1e-09,13719.795799855921,13719795799855.92,1,
14.397,2916,0.0,2916.0,13660.922271539452,1e-09,13720.850884666714,13720850884666.713,1,
14.497,2915,0.0,2915.0,13662.082554626699,1e-09,13722.01767980474,13722017679804.738,1,
14.598,2918,0.0,2918.0,13660.839257501726,1e-09,13720.749173757562,13720749173757.56,1,
14.696,2918,0.0,2918.0,13658.840426982937,1e-09,13719.0027712101,13719002771210.1,1,
14.797,2931,0.0,2931.0,13883.332883915744,1e-09,13934.204979934515,13934204979934.514,1,
14.901,2935,0.0,2935.0,13925.580086634865,1e-09,13974.305649639227,13974305649639.227,1,
14.997,2937,0.0,2937.0,13926.783135148946,1e-09,13975.798015459637,13975798015459.637,1,
15.099,2943,0.0,2943.0,14236.21868712926,1e-09,14290.28698454743,14290286984547.43,1,
15.197,2943,0.0,2943.0,14233.556282004856,1e-09,14287.612503873806,14287612503873.805,1,
15.297,2942,0.0,2942.0,14228.047684180798,1e-09,14282.328685406213,14282328685406.213,1,
15.4,2942,0.0,2942.0,14221.403683090915,1e-09,14275.692036972781,14275692036972.781,1,
15.499,2941,0.0,2941.0,14218.425274928932,1e-09,14272.38185375083,14272381853750.83,1,
15.599,2946,0.0,2946.0,14212.652119274513,1e-09,14266.83921475981,14266839214759.809,1,
15.699,2962,0.0,2962.0,14506.521132943373,1e-09,14549.534891397238,14549534891397.236,1,
15.8,2967,0.0,2967.0,14508.355523680457,1e-09,14551.758076244794,14551758076244.793,1,
15.898,2954,0.0,2954.0,14131.518830362511,1e-09,14169.763782422233,14169763782422.232,1,
15.998,2944,0.0,2944.0,13989.411228070385,1e-09,14025.253738811902,14025253738811.9,1,
16.098,2944,0.0,2944.0,13893.129551541306,1e-09,13927.29239097322,13927292390973.219,1,
16.197,2948,0.0,2948.0,13828.623673305465,1e-09,13861.842181022088,13861842181022.088,1,
16.297,2945,0.0,2945.0,13824.458649843962,1e-09,13857.5639400842,13857563940084.2,1,
16.397,2946,0.0,2946.0,13821.41057303329,1e-09,13854.449767957667,13854449767957.666,1,
16.498,2941,0.0,2941.0,13811.483488790644,1e-09,13844.408480786511,13844408480786.51,1,
16.598,2943,0.0,2943.0,13812.733321018559,1e-09,13845.689669668845,13845689669668.844,1,
16.698,2964,0.0,2964.0,14130.977709414814,1e-09,14155.418517019021,14155418517019.02,1,
16.8,2962,0.0,2962.0,14131.361879629992,1e-09,14155.722698715224,14155722698715.223,1,
16.897,2964,0.0,2964.0,14121.859025915219,1e-09,14146.425781859507,14146425781859.506,1,
16.998,2966,0.0,2966.0,14121.425039591111,1e-09,14145.897332177872,14145897332177.871,1,
17.099,2962,0.0,2962.0,14115.671229337306,1e-09,14139.989314902967,14139989314902.967,1,
17.198,2962,0.0,2962.0,14115.855368547547,1e-09,14140.24564803793,14140245648037.93,1,
17.298000000000002,2957,0.0,2957.0,14116.329826957786,1e-09,14140.748522911923,14140748522911.922,1,
17.398,2963,0.0,2963.0,14103.922397693837,1e-09,14128.094676891767,14128094676891.766,1,
17.498,2963,0.0,2963.0,14094.96008465359,1e-09,14119.146484404795,14119146484404.795,1,
17.6,2961,0.0,2961.0,14097.439762906728,1e-09,14121.658842451754,14121658842451.754,1,
17.698,2971,0.0,2971.0,14151.030644376951,1e-09,14164.612081660725,14164612081660.725,1,
17.798000000000002,2964,0.0,2964.0,13880.602227781601,1e-09,13891.36339017373,13891363390173.729,1,
17.898,2961,0.0,2961.0,13819.383591666061,1e-09,13829.601925265277,13829601925265.275,1,
17.999,2963,0.0,2963.0,13811.009232840595,1e-09,13821.155039743157,13821155039743.156,1,
18.098,2960,0.0,2960.0,13809.298093493986,1e-09,13819.40276777493,13819402767774.93,1,
18.198,2960,0.0,2960.0,13802.904062935902,1e-09,13813.131014137387,13813131014137.387,1,
18.298000000000002,2966,0.0,2966.0,13801.373626728104,1e-09,13811.48932277356,13811489322773.559,1,
18.399,2964,0.0,2964.0,13803.158151817335,1e-09,13813.23304916705,13813233049167.049,1,
18.498,2961,0.0,2961.0,13795.293088372226,1e-09,13805.366998383042,13805366998383.041,1,
18.599,2962,0.0,2962.0,13793.003954573982,1e-09,13803.07541977108,13803075419771.078,1,
18.698,2961,0.0,2961.0,13788.018948944473,1e-09,13798.171015847834,13798171015847.834,1,
18.799,2967,0.0,2967.0,13915.175670511255,1e-09,13923.467475730682,13923467475730.682,1,
18.897,2977,0.0,2977.0,14172.560809932354,1e-09,14177.986210222409,14177986210222.408,1,
18.998,2976,0.0,2976.0,14170.538094709955,1e-09,14175.942342585931,14175942342585.93,1,
19.098,2977,0.0,2977.0,14167.803125041391,1e-09,14173.10308665299,14173103086652.99,1,
19.199,2979,0.0,2979.0,14167.605469630435,1e-09,14172.904359493072,14172904359493.07,1,
19.297,2976,0.0,2976.0,14060.419801264467,1e-09,14064.832578473,14064832578473.0,1,
19.399,2966,0.0,2966.0,13605.2513202901,1e-09,13607.169640406428,13607169640406.428,1,
19.498,2960,0.0,2960.0,13593.086405384314,1e-09,13594.951059695299,13594951059695.297,1,
19.6,2964,0.0,2964.0,13601.035047832338,1e-09,13602.93516077109,13602935160771.09,1,
19.698,2968,0.0,2968.0,13594.292099448714,1e-09,13596.239084016459,13596239084016.459,1,
19.8,2965,0.0,2965.0,13587.903278939571,1e-09,13589.784390279478,13589784390279.477,1,
19.898,2963,0.0,2963.0,13582.763409262538,1e-09,13584.637935878676,13584637935878.676,1,
19.999,2961,0.0,2961.0,13579.981495535174,1e-09,13581.835587412399,13581835587412.398,1,
20.098,2980,0.0,2980.0,14019.131291821363,1e-09,14019.381608172278,14019381608172.277,1,
20.199,2978,0.0,2978.0,14009.552186643601,1e-09,14009.789601930348,14009789601930.348,1,
20.298000000000002,2981,0.0,2981.0,14007.749007291524,1e-09,14007.990425809287,14007990425809.285,1,
20.4,2978,0.0,2978.0,14005.557833647152,1e-09,14005.791519737251,14005791519737.25,1,
20.5,2984,0.0,2984.0,13999.19569889939,1e-09,13999.416950298815,13999416950298.814,1,
20.6,2974,0.0,2974.0,13968.69610507564,1e-09,13968.908202976181,13968908202976.18,1,
20.7,2971,0.0,2971.0,13858.201411440501,1e-09,13858.242284148997,13858242284148.996,1,
20.8,2967,0.0,2967.0,13561.088812624039,1e-09,13561.203884056898,13561203884056.898,1,
20.9,2962,0.0,2962.0,13487.95005615902,1e-09,13488.132584663097,13488132584663.096,1,
21.001,2965,0.0,2965.0,13480.559114022453,1e-09,13480.759414590986,13480759414590.984,1,
21.1,2961,0.0,2961.0,13486.860240416154,1e-09,13487.044394754557,13487044394754.557,1,
21.2,2962,0.0,2962.0,13477.832169181007,1e-09,13478.023537960828,13478023537960.826,1,
21.301,2961,0.0,2961.0,13476.083308741057,1e-09,13476.294571543393,13476294571543.393,1,
21.4,2978,0.0,2978.0,13884.34594296887,1e-09,13885.746221632206,13885746221632.205,1,
21.5,2983,0.0,2983.0,13964.29796234628,1e-09,13966.156802398087,13966156802398.086,1,
21.6,2976,0.0,2976.0,13957.843397120892,1e-09,13959.657697667011,13959657697667.01,1,
21.703,2982,0.0,2982.0,13949.564328051294,1e-09,13951.361379843875,13951361379843.873,1,
21.803,2982,0.0,2982.0,13946.359155107677,1e-09,13948.204838323712,13948204838323.71,1,
21.902,2978,0.0,2978.0,13920.796212717209,1e-09,13922.84000291199,13922840002911.988,1,
22.002,2978,0.0,2978.0,13817.014770372829,1e-09,13819.72091025941,13819720910259.408,1,
22.101,2967,0.0,2967.0,13689.303653991772,1e-09,13692.926343521929,13692926343521.928,1,
22.202,2958,0.0,2958.0,13487.30638799505,1e-09,13492.442239189611,13492442239189.611,1,
22.301,2964,0.0,2964.0,13485.840585163685,1e-09,13490.959135484487,13490959135484.486,1,
22.401,2963,0.0,2963.0,13482.090925705728,1e-09,13487.2926303378,13487292630337.8,1,
22.5,2961,0.0,2961.0,13480.410551381221,1e-09,13485.623255623923,13485623255623.922,1,
22.602,2960,0.0,2960.0,13478.72809093004,1e-09,13483.981259266226,13483981259266.225,1,
22.702,2963,0.0,2963.0,13476.018052915004,1e-09,13481.246194996724,13481246194996.723,1,
22.801,2960,0.0,2960.0,13474.233729753592,1e-09,13479.50034705728,13479500347057.28,1,
22.901,2978,0.0,2978.0,14003.093656150964,1e-09,14013.163600445243,14013163600445.242,1,
23.001,2981,0.0,2981.0,14007.791899071806,1e-09,14017.950013501073,14017950013501.072,1,
23.102,2977,0.0,2977.0,13944.194084027302,1e-09,13955.043023578084,13955043023578.084,1,
23.201,2972,0.0,2972.0,13833.007639135856,1e-09,13845.809727583079,13845809727583.078,1,
23.302,2967,0.0,2967.0,13723.384624855516,1e-09,13738.049413074752,13738049413074.752,1,
23.401,2960,0.0,2960.0,13598.192857184491,1e-09,13614.75046699237,13614750466992.37,1,
23.501,2959,0.0,2959.0,13589.888285187513,1e-09,13606.534339492435,13606534339492.434,1,
23.601,2961,0.0,2961.0,13587.390218839411,1e-09,13604.04740315206,13604047403152.06,1,
23.701,2962,0.0,2962.0,13587.107542738417,1e-09,13603.933227384772,13603933227384.771,1,
23.801,2957,0.0,2957.0,13586.677198259236,1e-09,13603.454839663405,13603454839663.404,1,
23.901,2964,0.0,2964.0,13577.572345946493,1e-09,13594.431437992956,13594431437992.955,1,
24.001,2959,0.0,2959.0,13570.026682684882,1e-09,13586.923350355137,13586923350355.137,1,
24.1,2960,0.0,2960.0,13571.05092650831,1e-09,13587.98786749183,13587987867491.828,1,
24.203,2955,0.0,2955.0,13416.16277503459,1e-09,13436.478144910705,13436478144910.705,1,
24.3,2952,0.0,2952.0,13416.131671599785,1e-09,13436.59312271218,13436593122712.18,1,
24.401,2944,0.0,2944.0,13267.145326090693,1e-09,13290.49133143415,13290491331434.148,1,
24.502,2944,0.0,2944.0,13366.590098516828,1e-09,13393.891319196213,13393891319196.213,1,
24.601,2959,0.0,2959.0,13805.29084191483,1e-09,13839.723304352945,13839723304352.943,1,
24.701,2965,0.0,2965.0,13803.780300686853,1e-09,13838.201730764475,13838201730764.475,1,
24.801,2958,0.0,2958.0,13797.236497456102,1e-09,13831.4831856684,13831483185668.398,1,
24.901,2966,0.0,2966.0,13797.915603373347,1e-09,13832.390296334004,13832390296334.004,1,
25.002,2961,0.0,2961.0,13791.700995537694,1e-09,13826.404229460335,13826404229460.334,1,
25.101,2958,0.0,2958.0,13739.572902241318,1e-09,13775.924148764378,13775924148764.377,1,
25.202,2953,0.0,2953.0,13662.570841495797,1e-09,13701.23215404871,13701232154048.709,1,
25.301,2954,0.0,2954.0,13644.905946706935,1e-09,13684.176416349126,13684176416349.125,1,
25.401,2943,0.0,2943.0,13480.806020844597,1e-09,13525.114057095092,13525114057095.092,1,
25.501,2945,0.0,2945.0,13450.717608012503,1e-09,13496.014617860075,13496014617860.074,1,
25.601,2940,0.0,2940.0,13451.35439744053,1e-09,13496.569267991352,13496569267991.352,1,
25.701,2941,0.0,2941.0,13445.411397260385,1e-09,13490.872367132317,13490872367132.316,1,
25.802,2949,0.0,2949.0,13440.152176906253,1e-09,13485.57433632968,13485574336329.68,1,
25.9,2942,0.0,2942.0,13437.138806203951,1e-09,13482.767169180555,13482767169180.555,1,
26.001,2947,0.0,2947.0,13384.43243442068,1e-09,13431.841025111215,13431841025111.213,1,
26.101,2934,0.0,2934.0,13307.704439694891,1e-09,13358.506617606301,13358506617606.3,1,
26.201,2936,0.0,2936.0,13302.84210797912,1e-09,13353.710602473995,13353710602473.994,1,
26.301,2938,0.0,2938.0,13283.080457564938,1e-09,13336.868169659738,13336868169659.736,1,
26.401,2947,0.0,2947.0,13819.098571326616,1e-09,13889.824335586633,13889824335586.63,1,
26.501,2949,0.0,2949.0,13815.05678750084,1e-09,13885.931664932414,13885931664932.412,1,
26.602,2945,0.0,2945.0,13809.089340344763,1e-09,13879.950641956671,13879950641956.67,1,
26.702,2943,0.0,2943.0,13807.302605089655,1e-09,13878.050458391364,13878050458391.363,1,
26.8,2943,0.0,2943.0,13781.673604671123,1e-09,13854.122721508076,13854122721508.076,1,
26.901,2939,0.0,2939.0,13686.542543297777,1e-09,13763.822850514112,13763822850514.111,1,
27.002,2938,0.0,2938.0,13681.001228749119,1e-09,13758.63256661905,13758632566619.049,1,
27.101,2937,0.0,2937.0,13675.613615425587,1e-09,13752.444105510813,13752444105510.812,1,
27.201,2928,0.0,2928.0,13522.6157923299,1e-09,13607.611564213506,13607611564213.506,1,
27.301,2925,0.0,2925.0,13519.682096205675,1e-09,13605.076453390238,13605076453390.238,1,
27.401,2926,0.0,2926.0,13513.052818244001,1e-09,13598.539211605374,13598539211605.373,1,
27.5,2928,0.0,2928.0,13510.334195716707,1e-09,13595.771551831987,13595771551831.986,1,
27.602,2926,0.0,2926.0,13496.940361062301,1e-09,13583.108403803155,13583108403803.154,1,
27.701,2916,0.0,2916.0,13422.13964166319,1e-09,13512.81233482206,13512812334822.059,1,
27.802,2915,0.0,2915.0,13399.385867472447,1e-09,13491.334209848465,13491334209848.463,1,
27.901,2917,0.0,2917.0,13387.0148089051,1e-09,13479.12517669378,13479125176693.78,1,
28.0,2906,0.0,2906.0,13248.265834080707,1e-09,13348.671518002935,13348671518002.934,1,
28.102,2906,0.0,2906.0,13241.289572582997,1e-09,13341.519890808759,13341519890808.758,1,
28.201,2913,0.0,2913.0,13242.566990765756,1e-09,13343.035093228798,13343035093228.797,1,
28.301,2903,0.0,2903.0,13226.969674083457,1e-09,13327.852674948575,13327852674948.574,1,
28.402,2913,0.0,2913.0,13603.312730186819,1e-09,13717.810566949136,13717810566949.135,1,
28.501,2915,0.0,2915.0,13835.326620790318,1e-09,13957.576932170112,13957576932170.111,1,
28.602,2918,0.0,2918.0,13837.13815566225,1e-09,13959.3062895527,13959306289552.7,1,
28.701,2904,0.0,2904.0,13704.861149890497,1e-09,13835.623240288349,13835623240288.348,1,
28.802,2907,0.0,2907.0,13696.340592272507,1e-09,13827.199536515303,13827199536515.303,1,
28.902,2911,0.0,2911.0,13697.13261342212,1e-09,13828.382724913146,13828382724913.146,1,
29.0,2909,0.0,2909.0,13691.207980003199,1e-09,13822.55197155778,13822551971557.78,1,
29.101,2898,0.0,2898.0,13599.951674282227,1e-09,13738.095791032774,13738095791032.773,1,
29.201,2892,0.0,2892.0,13588.248319983657,1e-09,13727.993176282958,13727993176282.957,1,
29.301,2891,0.0,2891.0,13579.744849629082,1e-09,13719.540021246643,13719540021246.643,1,
29.401,2887,0.0,2887.0,13463.290307287698,1e-09,13612.149473936082,13612149473936.082,1,
29.501,2885,0.0,2885.0,13452.822577385907,1e-09,13601.461281139345,13601461281139.344,1,
29.601,2890,0.0,2890.0,13455.54575267131,1e-09,13604.45396242126,13604453962421.258,1,
29.701,2879,0.0,2879.0,13380.959695650727,1e-09,13536.65784752357,13536657847523.568,1,
29.801,2876,0.0,2876.0,13361.188769830609,1e-09,13518.646859131495,13518646859131.494,1,
29.902,2880,0.0,2880.0,13357.194002218366,1e-09,13514.731615766072,13514731615766.07,1,
30.001,2880,0.0,2880.0,13355.802370274538,1e-09,13513.922015603835,13513922015603.834,1,
30.101,2864,0.0,2864.0,13232.91357061026,1e-09,13400.931081058367,13400931081058.365,1,
30.201,2867,0.0,2867.0,13231.62140214397,1e-09,13400.018705460367,13400018705460.365,1,
30.302,2865,0.0,2865.0,13203.66294777266,1e-09,13374.236258589193,13374236258589.193,1,
30.402,2861,0.0,2861.0,13143.227133496539,1e-09,13319.986713003413,13319986713003.412,1,
30.502,2860,0.0,2860.0,13137.033278454992,1e-09,13314.762826389964,13314762826389.963,1,
30.601,2847,0.0,2847.0,13065.663507805655,1e-09,13249.915881069912,13249915881069.91,1,
30.702,2856,0.0,2856.0,13268.35994094191,1e-09,13462.32542793925,13462325427939.248,1,
30.801,2858,0.0,2858.0,13806.165901302524,1e-09,14010.924324869095,14010924324869.094,1,
30.902,2856,0.0,2856.0,13772.796869019809,1e-09,13981.674443150212,13981674443150.21,1,
31.003,2853,0.0,2853.0,13731.3544093936,1e-09,13945.29937574207,13945299375742.068,1,
31.101,2847,0.0,2847.0,13725.311692888941,1e-09,13938.91034280874,13938910342808.738,1,
31.201,2842,0.0,2842.0,13623.152286018292,1e-09,13847.746966358922,13847746966358.922,1,
31.302,2840,0.0,2840.0,13616.612137307675,1e-09,13840.820058945981,13840820058945.98,1,
31.401,2836,0.0,2836.0,13580.541718121438,1e-09,13809.843972383285,13809843972383.285,1,
31.502,2829,0.0,2829.0,13545.874961096937,1e-09,13779.627879726742,13779627879726.742,1,
31.602,2832,0.0,2832.0,13541.445810493498,1e-09,13775.499965437062,13775499965437.06,1,
31.702,2824,0.0,2824.0,13443.42155487073,1e-09,13688.36892098307,13688368920983.068,1,
31.801,2822,0.0,2822.0,13431.465723171728,1e-09,13677.153688059705,13677153688059.705,1,
31.901,2817,0.0,2817.0,13397.163164476504,1e-09,13648.82966875189,13648829668751.889,1,
32.002,2816,0.0,2816.0,13367.870518036525,1e-09,13623.23052117368,13623230521173.68,1,
32.101,2816,0.0,2816.0,13361.05761032467,1e-09,13616.494220492175,13616494220492.174,1,
32.201,2800,0.0,2800.0,13272.062409143167,1e-09,13538.392086692722,13538392086692.72,1,
32.301,2802,0.0,2802.0,13271.842610660282,1e-09,13538.411438311556,13538411438311.555,1,
32.402,2795,0.0,2795.0,13228.085641081187,1e-09,13500.69608405081,13500696084050.81,1,
32.502,2791,0.0,2791.0,13203.08747754699,1e-09,13478.813266145564,13478813266145.562,1,
32.6,2795,0.0,2795.0,13201.004096112027,1e-09,13477.505916061977,13477505916061.977,1,
32.701,2782,0.0,2782.0,13114.319973985284,1e-09,13401.679617231806,13401679617231.805,1,
32.801,2780,0.0,2780.0,13102.634671579737,1e-09,13391.920152787807,13391920152787.807,1,
32.901,2770,0.0,2770.0,13058.129667427409,1e-09,13354.83779665408,13354837796654.078,1,
33.003,2769,0.0,2769.0,13050.281704706778,1e-09,13347.203584060211,13347203584060.21,1,
33.101,2766,0.0,2766.0,13008.557595956214,1e-09,13311.346151861726,13311346151861.725,1,
33.203,2767,0.0,2767.0,12975.766663845,1e-09,13284.040181168732,13284040181168.73,1,
33.301,2759,0.0,2759.0,12925.057314706726,1e-09,13241.704686590823,13241704686590.822,1,
33.401,2768,0.0,2768.0,13716.158739246732,1e-09,14047.229635839765,14047229635839.764,1,
33.501,2768,0.0,2768.0,13717.435333905014,1e-09,14048.527305997533,14048527305997.533,1,
33.601,2755,0.0,2755.0,13634.009257580663,1e-09,13975.55643626277,13975556436262.77,1,
33.701,2744,0.0,2744.0,13590.798879586504,1e-09,13941.483809645884,13941483809645.883,1,
33.801,2747,0.0,2747.0,13590.807911605061,1e-09,13942.194005085916,13942194005085.914,1,
33.901,2743,0.0,2743.0,13587.065311713704,1e-09,13938.432559220824,13938432559220.824,1,
34.002,2738,0.0,2738.0,13509.851518483485,1e-09,13874.121508853234,13874121508853.232,1,
34.101,2732,0.0,2732.0,13482.247757442645,1e-09,13852.831342578727,13852831342578.727,1,
34.201,2730,0.0,2730.0,13472.255804685567,1e-09,13844.294513190805,13844294513190.805,1,
34.301,2725,0.0,2725.0,13463.278720338982,1e-09,13835.42797755824,13835427977558.238,1,
34.401,2719,0.0,2719.0,13390.98861225926,1e-09,13775.794381933518,13775794381933.518,1,
34.501,2707,0.0,2707.0,13353.073989557124,1e-09,13745.574197122534,13745574197122.533,1,
34.602,2706,0.0,2706.0,13356.281402457469,1e-09,13748.148570487425,13748148570487.424,1,
34.701,2697,0.0,2697.0,13291.15012014679,1e-09,13694.004613905394,13694004613905.393,1,
34.801,2692,0.0,2692.0,13259.293839048554,1e-09,13667.733193990149,13667733193990.148,1,
34.901,2690,0.0,2690.0,13249.31721587779,1e-09,13660.215350778297,13660215350778.297,1,
35.002,2684,0.0,2684.0,13245.566614088068,1e-09,13656.9244027989,13656924402798.9,1,
35.1,2674,0.0,2674.0,13191.368282753949,1e-09,13613.587241111114,13613587241111.113,1,
35.201,2664,0.0,2664.0,13155.508582548278,1e-09,13585.750890343865,13585750890343.863,1,
35.301,2665,0.0,2665.0,13148.516055430671,1e-09,13579.591340035295,13579591340035.293,1,
35.402,2654,0.0,2654.0,13094.336465671247,1e-09,13537.656971236527,13537656971236.525,1,
35.501,2647,0.0,2647.0,13059.365510884754,1e-09,13509.853885573826,13509853885573.826,1,
35.601,2647,0.0,2647.0,13059.273592585594,1e-09,13509.993879483809,13509993879483.809,1,
35.701,2645,0.0,2645.0,13040.773330978045,1e-09,13496.087609649545,13496087609649.545,1,
35.802,2625,0.0,2625.0,12979.907566297958,1e-09,13449.017814233255,13449017814233.254,1,
35.9,2629,0.0,2629.0,12977.932050798016,1e-09,13446.852626508526,13446852626508.525,1,
36.002,2624,0.0,2624.0,12976.213767116773,1e-09,13446.134333667454,13446134333667.453,1,
36.102,2615,0.0,2615.0,12912.702024746763,1e-09,13396.91037105197,13396910371051.969,1,
36.201,2606,0.0,2606.0,12895.014614879965,1e-09,13382.792953393584,13382792953393.584,1,
36.3,2615,0.0,2615.0,12898.851712477746,1e-09,13387.377989771943,13387377989771.943,1,
36.403,2600,0.0,2600.0,13441.68738144411,1e-09,13949.587291623644,13949587291623.643,1,
36.501,2605,0.0,2605.0,13766.307770462321,1e-09,14279.612178228886,14279612178228.885,1,
36.6,2598,0.0,2598.0,13763.04898237075,1e-09,14277.041417188677,14277041417188.676,1,
36.701,2584,0.0,2584.0,13710.646444351489,1e-09,14237.15003252581,14237150032525.809,1,
36.801,2582,0.0,2582.0,13695.632390343935,1e-09,14226.30715691228,14226307156912.28,1,
36.901,2572,0.0,2572.0,13661.088515545423,1e-09,14199.942464974938,14199942464974.938,1,
37.001,2558,0.0,2558.0,13637.964568565863,1e-09,14184.343807198276,14184343807198.275,1,
37.102,2561,0.0,2561.0,13629.20602698305,1e-09,14175.43864366184,14175438643661.84,1,
37.202,2549,0.0,2549.0,13599.223172517199,1e-09,14155.459176500204,14155459176500.203,1,
37.302,2539,0.0,2539.0,13572.080201397494,1e-09,14134.14377656468,14134143776564.68,1,
37.401,2542,0.0,2542.0,13576.064755211999,1e-09,14139.241415846303,14139241415846.303,1,
37.502,2524,0.0,2524.0,13525.60483089978,1e-09,14102.031995725727,14102031995725.727,1,
37.602,2518,0.0,2518.0,13516.86540054408,1e-09,14096.941488600514,14096941488600.514,1,
37.701,2504,0.0,2504.0,13476.605304227578,1e-09,14066.952172273757,14066952172273.756,1,
37.802,2496,0.0,2496.0,13451.437145603199,1e-09,14047.58116465907,14047581164659.068,1,
37.9,2497,0.0,2497.0,13458.389781628313,1e-09,14055.520355182842,14055520355182.842,1,
38.001,2478,0.0,2478.0,13410.470846791153,1e-09,14021.410857484056,14021410857484.055,1,
38.103,2473,0.0,2473.0,13405.947037216294,1e-09,14018.806898037976,14018806898037.975,1,
38.201,2458,0.0,2458.0,13372.593920033738,1e-09,13995.392821536141,13995392821536.14,1,
38.301,2454,0.0,2454.0,13357.358511257622,1e-09,13986.729183686319,13986729183686.318,1,
38.401,2440,0.0,2440.0,13329.550907295594,1e-09,13966.461996705659,13966461996705.658,1,
38.502,2432,0.0,2432.0,13316.150534307288,1e-09,13959.48781640055,13959487816400.549,1,
38.601,2428,0.0,2428.0,13311.193617190118,1e-09,13955.41239767812,13955412397678.12,1,
38.701,2414,0.0,2414.0,13275.294387483642,1e-09,13932.142882545711,13932142882545.71,1,
38.802,2413,0.0,2413.0,13267.288911998037,1e-09,13927.099208309275,13927099208309.273,1,
38.901,2389,0.0,2389.0,13236.140029183385,1e-09,13906.458812065144,13906458812065.143,1,
39.001,2386,0.0,2386.0,13228.690483146203,1e-09,13902.152984572926,13902152984572.924,1,
39.101,2372,0.0,2372.0,13198.870104009708,1e-09,13882.422836558573,13882422836558.572,1,
39.201,2368,0.0,2368.0,13192.248097533295,1e-09,13879.83147687682,13879831476876.818,1,
39.301,2351,0.0,2351.0,13172.337090626368,1e-09,13867.058105305117,13867058105305.117,1,
39.402,2343,0.0,2343.0,13155.96040420531,1e-09,13856.627993954906,13856627993954.904,1,
39.502,2333,0.0,2333.0,13132.974200102755,1e-09,13842.413705668207,13842413705668.205,1,
39.603,2319,0.0,2319.0,13122.06798141127,1e-09,13834.924787413824,13834924787413.822,1,
39.701,2306,0.0,2306.0,13108.07665637535,1e-09,13828.773072279046,13828773072279.045,1,
39.801,2302,0.0,2302.0,13100.187269767855,1e-09,13826.737553232295,13826737553232.295,1,
39.901,2288,0.0,2288.0,13239.288351384002,1e-09,13971.492482879421,13971492482879.42,1,
40.003,2287,0.0,2287.0,14025.388932173917,1e-09,14758.472504196441,14758472504196.44,1,
40.101,2275,0.0,2275.0,14007.455349321857,1e-09,14747.415211686843,14747415211686.842,1,
40.202,2266,0.0,2266.0,13997.02254830366,1e-09,14741.266885779092,14741266885779.092,1,
40.3,2254,0.0,2254.0,13983.315815620346,1e-09,14734.265283729717,14734265283729.717,1,
40.402,2246,0.0,2246.0,13972.95687744047,1e-09,14727.300910275728,14727300910275.727,1,
40.5,2230,0.0,2230.0,13960.669597673643,1e-09,14724.344854883235,14724344854883.234,1,
40.601,2213,0.0,2213.0,13944.70021400326,1e-09,14713.019498836056,14713019498836.055,1,
40.701,2206,0.0,2206.0,13937.757015335412,1e-09,14710.615171362166,14710615171362.164,1,
40.802,2188,0.0,2188.0,13923.797426904785,1e-09,14702.087448948134,14702087448948.133,1,
40.901,2183,0.0,2183.0,13917.04835869381,1e-09,14700.107384751675,14700107384751.674,1,
41.001,2171,0.0,2171.0,13911.243861669756,1e-09,14699.622772801242,14699622772801.24,1,
41.102,2156,0.0,2156.0,13904.092007809362,1e-09,14695.582212322206,14695582212322.205,1,
41.201,2148,0.0,2148.0,13889.69193376127,1e-09,14686.464381200796,14686464381200.795,1,
41.301,2124,0.0,2124.0,13881.206507753528,1e-09,14684.98119717406,14684981197174.059,1,
41.401,2119,0.0,2119.0,13876.44313275499,1e-09,14683.287143987882,14683287143987.88,1,
41.501,2105,0.0,2105.0,13865.748340201586,1e-09,14677.304227075994,14677304227075.994,1,
41.602,2092,0.0,2092.0,13859.661618372047,1e-09,14674.431338539544,14674431338539.543,1,
41.7,2083,0.0,2083.0,13852.66020978714,1e-09,14671.228613560754,14671228613560.752,1,
41.801,2054,0.0,2054.0,13841.445645495245,1e-09,14665.78896775405,14665788967754.049,1,
41.901,2054,0.0,2054.0,13841.612762252815,1e-09,14666.824455415928,14666824455415.928,1,
42.001,2035,0.0,2035.0,13838.659266043935,1e-09,14669.382710938262,14669382710938.262,1,
42.102,2015,0.0,2015.0,13825.520252373732,1e-09,14661.904177735025,14661904177735.023,1,
42.202,2016,0.0,2016.0,13829.249116136118,1e-09,14666.155075222492,14666155075222.49,1,
42.301,1990,0.0,1990.0,13818.704936736634,1e-09,14660.052679099772,14660052679099.771,1,
42.401,1975,0.0,1975.0,13815.896259285142,1e-09,14661.329708314475,14661329708314.475,1,
42.501,1965,0.0,1965.0,13814.903637983165,1e-09,14660.758487707119,14660758487707.117,1,
42.602,1944,0.0,1944.0,13815.25320128197,1e-09,14664.918583530545,14664918583530.545,1,
42.701,1938,0.0,1938.0,13806.387902888408,1e-09,14658.703665596418,14658703665596.418,1,
42.802,1925,0.0,1925.0,13803.910844864848,1e-09,14658.119805683418,14658119805683.418,1,
42.901,1902,0.0,1902.0,13800.136215520124,1e-09,14657.48034373824,14657480343738.238,1,
43.002,1898,0.0,1898.0,13796.372250920736,1e-09,14655.34730849386,14655347308493.86,1,
43.101,1883,0.0,1883.0,13801.190716622721,1e-09,14661.801319406984,14661801319406.984,1,
43.201,1863,0.0,1863.0,13792.618733552485,1e-09,14656.490277190765,14656490277190.764,1,
43.301,1846,0.0,1846.0,13791.422580929444,1e-09,14656.05472339764,14656054723397.639,1,
43.401,1836,0.0,1836.0,13785.304854704222,1e-09,14650.263075731327,14650263075731.326,1,
43.501,1818,0.0,1818.0,13787.015360382553,1e-09,14654.761845786368,14654761845786.367,1,
43.602,1803,0.0,1803.0,13785.231493057134,1e-09,14652.72477527313,14652724775273.129,1,
43.702,1794,0.0,1794.0,13785.710255826609,1e-09,14654.057843773815,14654057843773.814,1,
43.803,1774,0.0,1774.0,13786.91502334085,1e-09,14656.991693529759,14656991693529.758,1,
43.902,1758,0.0,1758.0,13786.34066465833,1e-09,14656.588342775969,14656588342775.969,1,
44.002,1746,0.0,1746.0,13783.784182310137,1e-09,14654.904792924779,14654904792924.777,1,
44.102,1730,0.0,1730.0,14355.44650081032,1e-09,15219.45227043116,15219452270431.16,1,
44.202,1727,0.0,1727.0,14924.039541889393,1e-09,15782.680572595133,15782680572595.13,1,
44.301,1709,0.0,1709.0,14924.234466649697,1e-09,15783.378128546166,15783378128546.166,1,
44.402,1692,0.0,1692.0,14928.340610083444,1e-09,15786.263399631165,15786263399631.164,1,
44.502,1687,0.0,1687.0,14928.810416830245,1e-09,15787.64184589688,15787641845896.879,1,
44.603,1663,0.0,1663.0,13783.215512027546,1e-09,14664.481134340034,14664481134340.033,1,
44.702,1645,0.0,1645.0,12885.921821253452,1e-09,13772.672016251632,13772672016251.63,1,
44.802,1616,0.0,1616.0,12462.232155519148,1e-09,13326.970099575527,13326970099575.525,1,
44.902,1588,0.0,1588.0,12869.823851375888,1e-09,13694.691676053335,13694691676053.334,1,
45.002,1553,0.0,1553.0,11738.208340626494,1e-09,12551.42117703913,12551421177039.129,1,
45.102,1521,0.0,1521.0,12301.309088926178,1e-09,13056.651854922815,13056651854922.814,1,
45.202,1478,0.0,1478.0,10534.378636678277,1e-09,11294.756973616757,11294756973616.756,1,
45.302,1449,0.0,1449.0,10948.505557287082,1e-09,11646.254086506691,11646254086506.691,1,
45.403,1410,0.0,1410.0,9290.563328521828,1e-09,10002.57379140805,10002573791408.049,1,
45.503,1372,0.0,1372.0,8541.349238033203,1e-09,9228.656211775355,9228656211775.354,1,
45.603,1339,0.0,1339.0,8150.70322771904,1e-09,8810.121404297068,8810121404297.066,1,
45.702,1319,0.0,1319.0,7504.7839257538035,1e-09,8155.995685434377,8155995685434.377,1,
45.803,1319,0.0,1319.0,7384.605098321398,1e-09,8033.22490806172,8033224908061.72,1,
45.902,1331,0.0,1331.0,7600.005278585361,1e-09,8255.047368351166,8255047368351.166,1,
46.004,1368,0.0,1368.0,8643.840730957225,1e-09,9302.379008044492,9302379008044.492,1,
46.102,1410,0.0,1410.0,8907.985725501472,1e-09,9611.534948658324,9611534948658.322,1,
46.202,1473,0.0,1473.0,10041.201829792337,1e-09,10786.430544049219,10786430544049.219,1,
46.302,1551,0.0,1551.0,11522.931842494603,1e-09,12319.664095295115,12319664095295.113,1,
46.402,1613,0.0,1613.0,12439.27045198295,1e-09,13297.122396960725,13297122396960.725,1,
46.502,1687,0.0,1687.0,14352.118830788446,1e-09,15233.000213652042,15233000213652.041,1,
46.603,1729,0.0,1729.0,13902.861829199348,1e-09,14851.802116210929,14851802116210.928,1,
46.702,1748,0.0,1748.0,13705.210116466971,1e-09,14679.760184564968,14679760184564.967,1,
46.801,1763,0.0,1763.0,13709.177297015467,1e-09,14691.734778939355,14691734778939.354,1,
46.902,1758,0.0,1758.0,15130.683468003113,1e-09,16063.771156384639,16063771156384.639,1,
47.003,1694,0.0,1694.0,13261.488959342832,1e-09,14193.686865146472,14193686865146.47,1,
47.102,1627,0.0,1627.0,12789.221263165771,1e-09,13670.015166185425,13670015166185.424,1,
47.203,1567,0.0,1567.0,12067.218622420196,1e-09,12892.657700425789,12892657700425.787,1,
